"date" , "count" , "lang" , "page" , "rank" , "month" , "title"
"2014-08-28" , "     0" , "en" , "Islamic_State_of_Iraq_and_the_Levant" , "-1" , "201408" , "Islamic_State_of_Iraq_and_the_Levant"
"2014-08-30" , " 52931" , "en" , "Islamic_State_of_Iraq_and_the_Levant" , "-1" , "201408" , "Islamic_State_of_Iraq_and_the_Levant"
"2014-08-31" , " 51516" , "en" , "Islamic_State_of_Iraq_and_the_Levant" , "-1" , "201408" , "Islamic_State_of_Iraq_and_the_Levant"
"2014-08-09" , " 75280" , "en" , "Islamic_State_of_Iraq_and_the_Levant" , "-1" , "201408" , "Islamic_State_of_Iraq_and_the_Levant"
"2014-08-08" , "118974" , "en" , "Islamic_State_of_Iraq_and_the_Levant" , "-1" , "201408" , "Islamic_State_of_Iraq_and_the_Levant"
"2014-08-21" , "120322" , "en" , "Islamic_State_of_Iraq_and_the_Levant" , "-1" , "201408" , "Islamic_State_of_Iraq_and_the_Levant"
"2014-08-20" , "156273" , "en" , "Islamic_State_of_Iraq_and_the_Levant" , "-1" , "201408" , "Islamic_State_of_Iraq_and_the_Levant"
"2014-08-27" , " 57371" , "en" , "Islamic_State_of_Iraq_and_the_Levant" , "-1" , "201408" , "Islamic_State_of_Iraq_and_the_Levant"
"2014-08-26" , " 60087" , "en" , "Islamic_State_of_Iraq_and_the_Levant" , "-1" , "201408" , "Islamic_State_of_Iraq_and_the_Levant"
"2014-08-25" , " 71487" , "en" , "Islamic_State_of_Iraq_and_the_Levant" , "-1" , "201408" , "Islamic_State_of_Iraq_and_the_Levant"
"2014-08-24" , " 65006" , "en" , "Islamic_State_of_Iraq_and_the_Levant" , "-1" , "201408" , "Islamic_State_of_Iraq_and_the_Levant"
"2014-08-01" , " 14815" , "en" , "Islamic_State_of_Iraq_and_the_Levant" , "-1" , "201408" , "Islamic_State_of_Iraq_and_the_Levant"
"2014-08-03" , " 19201" , "en" , "Islamic_State_of_Iraq_and_the_Levant" , "-1" , "201408" , "Islamic_State_of_Iraq_and_the_Levant"
"2014-08-02" , " 13753" , "en" , "Islamic_State_of_Iraq_and_the_Levant" , "-1" , "201408" , "Islamic_State_of_Iraq_and_the_Levant"
"2014-08-05" , " 30733" , "en" , "Islamic_State_of_Iraq_and_the_Levant" , "-1" , "201408" , "Islamic_State_of_Iraq_and_the_Levant"
"2014-08-04" , " 29901" , "en" , "Islamic_State_of_Iraq_and_the_Levant" , "-1" , "201408" , "Islamic_State_of_Iraq_and_the_Levant"
"2014-08-07" , " 41875" , "en" , "Islamic_State_of_Iraq_and_the_Levant" , "-1" , "201408" , "Islamic_State_of_Iraq_and_the_Levant"
"2014-08-06" , " 26382" , "en" , "Islamic_State_of_Iraq_and_the_Levant" , "-1" , "201408" , "Islamic_State_of_Iraq_and_the_Levant"
"2014-08-23" , " 65039" , "en" , "Islamic_State_of_Iraq_and_the_Levant" , "-1" , "201408" , "Islamic_State_of_Iraq_and_the_Levant"
"2014-08-22" , "111899" , "en" , "Islamic_State_of_Iraq_and_the_Levant" , "-1" , "201408" , "Islamic_State_of_Iraq_and_the_Levant"
"2014-08-18" , " 39451" , "en" , "Islamic_State_of_Iraq_and_the_Levant" , "-1" , "201408" , "Islamic_State_of_Iraq_and_the_Levant"
"2014-08-19" , " 42423" , "en" , "Islamic_State_of_Iraq_and_the_Levant" , "-1" , "201408" , "Islamic_State_of_Iraq_and_the_Levant"
"2014-08-12" , " 70655" , "en" , "Islamic_State_of_Iraq_and_the_Levant" , "-1" , "201408" , "Islamic_State_of_Iraq_and_the_Levant"
"2014-08-13" , " 70306" , "en" , "Islamic_State_of_Iraq_and_the_Levant" , "-1" , "201408" , "Islamic_State_of_Iraq_and_the_Levant"
"2014-08-10" , " 69890" , "en" , "Islamic_State_of_Iraq_and_the_Levant" , "-1" , "201408" , "Islamic_State_of_Iraq_and_the_Levant"
"2014-08-11" , " 84552" , "en" , "Islamic_State_of_Iraq_and_the_Levant" , "-1" , "201408" , "Islamic_State_of_Iraq_and_the_Levant"
"2014-08-16" , " 36098" , "en" , "Islamic_State_of_Iraq_and_the_Levant" , "-1" , "201408" , "Islamic_State_of_Iraq_and_the_Levant"
"2014-08-17" , " 42694" , "en" , "Islamic_State_of_Iraq_and_the_Levant" , "-1" , "201408" , "Islamic_State_of_Iraq_and_the_Levant"
"2014-08-14" , " 59557" , "en" , "Islamic_State_of_Iraq_and_the_Levant" , "-1" , "201408" , "Islamic_State_of_Iraq_and_the_Levant"
"2014-08-15" , " 42976" , "en" , "Islamic_State_of_Iraq_and_the_Levant" , "-1" , "201408" , "Islamic_State_of_Iraq_and_the_Levant"
"2014-08-29" , " 77416" , "en" , "Islamic_State_of_Iraq_and_the_Levant" , "-1" , "201408" , "Islamic_State_of_Iraq_and_the_Levant"
"2014-09-19" , " 60649" , "en" , "Islamic_State_of_Iraq_and_the_Levant" , "-1" , "201409" , "Islamic_State_of_Iraq_and_the_Levant"
"2014-09-18" , " 74247" , "en" , "Islamic_State_of_Iraq_and_the_Levant" , "-1" , "201409" , "Islamic_State_of_Iraq_and_the_Levant"
"2014-09-30" , " 52941" , "en" , "Islamic_State_of_Iraq_and_the_Levant" , "-1" , "201409" , "Islamic_State_of_Iraq_and_the_Levant"
"2014-09-15" , " 92396" , "en" , "Islamic_State_of_Iraq_and_the_Levant" , "-1" , "201409" , "Islamic_State_of_Iraq_and_the_Levant"
"2014-09-14" , "104248" , "en" , "Islamic_State_of_Iraq_and_the_Levant" , "-1" , "201409" , "Islamic_State_of_Iraq_and_the_Levant"
"2014-09-17" , " 73351" , "en" , "Islamic_State_of_Iraq_and_the_Levant" , "-1" , "201409" , "Islamic_State_of_Iraq_and_the_Levant"
"2014-09-16" , " 79233" , "en" , "Islamic_State_of_Iraq_and_the_Levant" , "-1" , "201409" , "Islamic_State_of_Iraq_and_the_Levant"
"2014-09-11" , "157702" , "en" , "Islamic_State_of_Iraq_and_the_Levant" , "-1" , "201409" , "Islamic_State_of_Iraq_and_the_Levant"
"2014-09-10" , " 66284" , "en" , "Islamic_State_of_Iraq_and_the_Levant" , "-1" , "201409" , "Islamic_State_of_Iraq_and_the_Levant"
"2014-09-13" , " 51139" , "en" , "Islamic_State_of_Iraq_and_the_Levant" , "-1" , "201409" , "Islamic_State_of_Iraq_and_the_Levant"
"2014-09-12" , " 82941" , "en" , "Islamic_State_of_Iraq_and_the_Levant" , "-1" , "201409" , "Islamic_State_of_Iraq_and_the_Levant"
"2014-09-26" , " 87208" , "en" , "Islamic_State_of_Iraq_and_the_Levant" , "-1" , "201409" , "Islamic_State_of_Iraq_and_the_Levant"
"2014-09-20" , " 43818" , "en" , "Islamic_State_of_Iraq_and_the_Levant" , "-1" , "201409" , "Islamic_State_of_Iraq_and_the_Levant"
"2014-09-21" , " 44765" , "en" , "Islamic_State_of_Iraq_and_the_Levant" , "-1" , "201409" , "Islamic_State_of_Iraq_and_the_Levant"
"2014-09-22" , " 71536" , "en" , "Islamic_State_of_Iraq_and_the_Levant" , "-1" , "201409" , "Islamic_State_of_Iraq_and_the_Levant"
"2014-09-23" , "107438" , "en" , "Islamic_State_of_Iraq_and_the_Levant" , "-1" , "201409" , "Islamic_State_of_Iraq_and_the_Levant"
"2014-09-24" , " 98412" , "en" , "Islamic_State_of_Iraq_and_the_Levant" , "-1" , "201409" , "Islamic_State_of_Iraq_and_the_Levant"
"2014-09-25" , " 95293" , "en" , "Islamic_State_of_Iraq_and_the_Levant" , "-1" , "201409" , "Islamic_State_of_Iraq_and_the_Levant"
"2014-09-08" , " 65764" , "en" , "Islamic_State_of_Iraq_and_the_Levant" , "-1" , "201409" , "Islamic_State_of_Iraq_and_the_Levant"
"2014-09-09" , " 58745" , "en" , "Islamic_State_of_Iraq_and_the_Levant" , "-1" , "201409" , "Islamic_State_of_Iraq_and_the_Levant"
"2014-09-06" , " 62895" , "en" , "Islamic_State_of_Iraq_and_the_Levant" , "-1" , "201409" , "Islamic_State_of_Iraq_and_the_Levant"
"2014-09-07" , " 57659" , "en" , "Islamic_State_of_Iraq_and_the_Levant" , "-1" , "201409" , "Islamic_State_of_Iraq_and_the_Levant"
"2014-09-04" , "121903" , "en" , "Islamic_State_of_Iraq_and_the_Levant" , "-1" , "201409" , "Islamic_State_of_Iraq_and_the_Levant"
"2014-09-05" , " 95724" , "en" , "Islamic_State_of_Iraq_and_the_Levant" , "-1" , "201409" , "Islamic_State_of_Iraq_and_the_Levant"
"2014-09-02" , " 85175" , "en" , "Islamic_State_of_Iraq_and_the_Levant" , "-1" , "201409" , "Islamic_State_of_Iraq_and_the_Levant"
"2014-09-03" , "148790" , "en" , "Islamic_State_of_Iraq_and_the_Levant" , "-1" , "201409" , "Islamic_State_of_Iraq_and_the_Levant"
"2014-09-01" , " 47516" , "en" , "Islamic_State_of_Iraq_and_the_Levant" , "-1" , "201409" , "Islamic_State_of_Iraq_and_the_Levant"
"2014-09-28" , " 54966" , "en" , "Islamic_State_of_Iraq_and_the_Levant" , "-1" , "201409" , "Islamic_State_of_Iraq_and_the_Levant"
"2014-09-27" , " 56950" , "en" , "Islamic_State_of_Iraq_and_the_Levant" , "-1" , "201409" , "Islamic_State_of_Iraq_and_the_Levant"
"2014-09-29" , " 60481" , "en" , "Islamic_State_of_Iraq_and_the_Levant" , "-1" , "201409" , "Islamic_State_of_Iraq_and_the_Levant"
"2014-10-01" , " 50524" , "en" , "Islamic_State_of_Iraq_and_the_Levant" , "-1" , "201410" , "Islamic_State_of_Iraq_and_the_Levant"
"2014-10-02" , " 44477" , "en" , "Islamic_State_of_Iraq_and_the_Levant" , "-1" , "201410" , "Islamic_State_of_Iraq_and_the_Levant"
"2014-10-03" , " 50739" , "en" , "Islamic_State_of_Iraq_and_the_Levant" , "-1" , "201410" , "Islamic_State_of_Iraq_and_the_Levant"
"2014-10-04" , " 58456" , "en" , "Islamic_State_of_Iraq_and_the_Levant" , "-1" , "201410" , "Islamic_State_of_Iraq_and_the_Levant"
"2014-10-05" , " 47834" , "en" , "Islamic_State_of_Iraq_and_the_Levant" , "-1" , "201410" , "Islamic_State_of_Iraq_and_the_Levant"
"2014-10-06" , " 62426" , "en" , "Islamic_State_of_Iraq_and_the_Levant" , "-1" , "201410" , "Islamic_State_of_Iraq_and_the_Levant"
"2014-10-07" , " 70756" , "en" , "Islamic_State_of_Iraq_and_the_Levant" , "-1" , "201410" , "Islamic_State_of_Iraq_and_the_Levant"
"2014-10-08" , " 73902" , "en" , "Islamic_State_of_Iraq_and_the_Levant" , "-1" , "201410" , "Islamic_State_of_Iraq_and_the_Levant"
"2014-10-09" , " 61817" , "en" , "Islamic_State_of_Iraq_and_the_Levant" , "-1" , "201410" , "Islamic_State_of_Iraq_and_the_Levant"
"2014-10-24" , " 33036" , "en" , "Islamic_State_of_Iraq_and_the_Levant" , "-1" , "201410" , "Islamic_State_of_Iraq_and_the_Levant"
"2014-10-25" , " 27075" , "en" , "Islamic_State_of_Iraq_and_the_Levant" , "-1" , "201410" , "Islamic_State_of_Iraq_and_the_Levant"
"2014-10-22" , " 39939" , "en" , "Islamic_State_of_Iraq_and_the_Levant" , "-1" , "201410" , "Islamic_State_of_Iraq_and_the_Levant"
"2014-10-23" , " 44998" , "en" , "Islamic_State_of_Iraq_and_the_Levant" , "-1" , "201410" , "Islamic_State_of_Iraq_and_the_Levant"
"2014-10-20" , " 33747" , "en" , "Islamic_State_of_Iraq_and_the_Levant" , "-1" , "201410" , "Islamic_State_of_Iraq_and_the_Levant"
"2014-10-21" , " 32304" , "en" , "Islamic_State_of_Iraq_and_the_Levant" , "-1" , "201410" , "Islamic_State_of_Iraq_and_the_Levant"
"2014-10-28" , " 30881" , "en" , "Islamic_State_of_Iraq_and_the_Levant" , "-1" , "201410" , "Islamic_State_of_Iraq_and_the_Levant"
"2014-10-29" , " 30297" , "en" , "Islamic_State_of_Iraq_and_the_Levant" , "-1" , "201410" , "Islamic_State_of_Iraq_and_the_Levant"
"2014-10-26" , " 25808" , "en" , "Islamic_State_of_Iraq_and_the_Levant" , "-1" , "201410" , "Islamic_State_of_Iraq_and_the_Levant"
"2014-10-27" , " 31838" , "en" , "Islamic_State_of_Iraq_and_the_Levant" , "-1" , "201410" , "Islamic_State_of_Iraq_and_the_Levant"
"2014-10-17" , " 32612" , "en" , "Islamic_State_of_Iraq_and_the_Levant" , "-1" , "201410" , "Islamic_State_of_Iraq_and_the_Levant"
"2014-10-16" , " 38857" , "en" , "Islamic_State_of_Iraq_and_the_Levant" , "-1" , "201410" , "Islamic_State_of_Iraq_and_the_Levant"
"2014-10-15" , " 48018" , "en" , "Islamic_State_of_Iraq_and_the_Levant" , "-1" , "201410" , "Islamic_State_of_Iraq_and_the_Levant"
"2014-10-14" , " 51927" , "en" , "Islamic_State_of_Iraq_and_the_Levant" , "-1" , "201410" , "Islamic_State_of_Iraq_and_the_Levant"
"2014-10-13" , " 51262" , "en" , "Islamic_State_of_Iraq_and_the_Levant" , "-1" , "201410" , "Islamic_State_of_Iraq_and_the_Levant"
"2014-10-12" , " 45876" , "en" , "Islamic_State_of_Iraq_and_the_Levant" , "-1" , "201410" , "Islamic_State_of_Iraq_and_the_Levant"
"2014-10-11" , " 43786" , "en" , "Islamic_State_of_Iraq_and_the_Levant" , "-1" , "201410" , "Islamic_State_of_Iraq_and_the_Levant"
"2014-10-10" , " 56016" , "en" , "Islamic_State_of_Iraq_and_the_Levant" , "-1" , "201410" , "Islamic_State_of_Iraq_and_the_Levant"
"2014-10-31" , " 24510" , "en" , "Islamic_State_of_Iraq_and_the_Levant" , "-1" , "201410" , "Islamic_State_of_Iraq_and_the_Levant"
"2014-10-30" , " 36441" , "en" , "Islamic_State_of_Iraq_and_the_Levant" , "-1" , "201410" , "Islamic_State_of_Iraq_and_the_Levant"
"2014-10-19" , " 23930" , "en" , "Islamic_State_of_Iraq_and_the_Levant" , "-1" , "201410" , "Islamic_State_of_Iraq_and_the_Levant"
"2014-10-18" , " 50746" , "en" , "Islamic_State_of_Iraq_and_the_Levant" , "-1" , "201410" , "Islamic_State_of_Iraq_and_the_Levant"
"2014-11-21" , " 20984" , "en" , "Islamic_State_of_Iraq_and_the_Levant" , "-1" , "201411" , "Islamic_State_of_Iraq_and_the_Levant"
"2014-11-20" , " 24847" , "en" , "Islamic_State_of_Iraq_and_the_Levant" , "-1" , "201411" , "Islamic_State_of_Iraq_and_the_Levant"
"2014-11-23" , " 20010" , "en" , "Islamic_State_of_Iraq_and_the_Levant" , "-1" , "201411" , "Islamic_State_of_Iraq_and_the_Levant"
"2014-11-22" , " 17343" , "en" , "Islamic_State_of_Iraq_and_the_Levant" , "-1" , "201411" , "Islamic_State_of_Iraq_and_the_Levant"
"2014-11-25" , " 20848" , "en" , "Islamic_State_of_Iraq_and_the_Levant" , "-1" , "201411" , "Islamic_State_of_Iraq_and_the_Levant"
"2014-11-24" , " 22734" , "en" , "Islamic_State_of_Iraq_and_the_Levant" , "-1" , "201411" , "Islamic_State_of_Iraq_and_the_Levant"
"2014-11-27" , " 16928" , "en" , "Islamic_State_of_Iraq_and_the_Levant" , "-1" , "201411" , "Islamic_State_of_Iraq_and_the_Levant"
"2014-11-26" , " 19063" , "en" , "Islamic_State_of_Iraq_and_the_Levant" , "-1" , "201411" , "Islamic_State_of_Iraq_and_the_Levant"
"2014-11-29" , " 17187" , "en" , "Islamic_State_of_Iraq_and_the_Levant" , "-1" , "201411" , "Islamic_State_of_Iraq_and_the_Levant"
"2014-11-28" , " 16515" , "en" , "Islamic_State_of_Iraq_and_the_Levant" , "-1" , "201411" , "Islamic_State_of_Iraq_and_the_Levant"
"2014-11-30" , " 14245" , "en" , "Islamic_State_of_Iraq_and_the_Levant" , "-1" , "201411" , "Islamic_State_of_Iraq_and_the_Levant"
"2014-11-14" , " 23839" , "en" , "Islamic_State_of_Iraq_and_the_Levant" , "-1" , "201411" , "Islamic_State_of_Iraq_and_the_Levant"
"2014-11-15" , " 18939" , "en" , "Islamic_State_of_Iraq_and_the_Levant" , "-1" , "201411" , "Islamic_State_of_Iraq_and_the_Levant"
"2014-11-16" , " 30445" , "en" , "Islamic_State_of_Iraq_and_the_Levant" , "-1" , "201411" , "Islamic_State_of_Iraq_and_the_Levant"
"2014-11-17" , " 37897" , "en" , "Islamic_State_of_Iraq_and_the_Levant" , "-1" , "201411" , "Islamic_State_of_Iraq_and_the_Levant"
"2014-11-10" , " 27254" , "en" , "Islamic_State_of_Iraq_and_the_Levant" , "-1" , "201411" , "Islamic_State_of_Iraq_and_the_Levant"
"2014-11-11" , " 24012" , "en" , "Islamic_State_of_Iraq_and_the_Levant" , "-1" , "201411" , "Islamic_State_of_Iraq_and_the_Levant"
"2014-11-12" , " 23834" , "en" , "Islamic_State_of_Iraq_and_the_Levant" , "-1" , "201411" , "Islamic_State_of_Iraq_and_the_Levant"
"2014-11-13" , " 23847" , "en" , "Islamic_State_of_Iraq_and_the_Levant" , "-1" , "201411" , "Islamic_State_of_Iraq_and_the_Levant"
"2014-11-18" , " 30147" , "en" , "Islamic_State_of_Iraq_and_the_Levant" , "-1" , "201411" , "Islamic_State_of_Iraq_and_the_Levant"
"2014-11-19" , " 26186" , "en" , "Islamic_State_of_Iraq_and_the_Levant" , "-1" , "201411" , "Islamic_State_of_Iraq_and_the_Levant"
"2014-11-09" , " 22368" , "en" , "Islamic_State_of_Iraq_and_the_Levant" , "-1" , "201411" , "Islamic_State_of_Iraq_and_the_Levant"
"2014-11-08" , " 17883" , "en" , "Islamic_State_of_Iraq_and_the_Levant" , "-1" , "201411" , "Islamic_State_of_Iraq_and_the_Levant"
"2014-11-03" , " 31890" , "en" , "Islamic_State_of_Iraq_and_the_Levant" , "-1" , "201411" , "Islamic_State_of_Iraq_and_the_Levant"
"2014-11-02" , " 25632" , "en" , "Islamic_State_of_Iraq_and_the_Levant" , "-1" , "201411" , "Islamic_State_of_Iraq_and_the_Levant"
"2014-11-01" , " 23606" , "en" , "Islamic_State_of_Iraq_and_the_Levant" , "-1" , "201411" , "Islamic_State_of_Iraq_and_the_Levant"
"2014-11-07" , " 23187" , "en" , "Islamic_State_of_Iraq_and_the_Levant" , "-1" , "201411" , "Islamic_State_of_Iraq_and_the_Levant"
"2014-11-06" , " 25820" , "en" , "Islamic_State_of_Iraq_and_the_Levant" , "-1" , "201411" , "Islamic_State_of_Iraq_and_the_Levant"
"2014-11-05" , " 26129" , "en" , "Islamic_State_of_Iraq_and_the_Levant" , "-1" , "201411" , "Islamic_State_of_Iraq_and_the_Levant"
"2014-11-04" , " 29916" , "en" , "Islamic_State_of_Iraq_and_the_Levant" , "-1" , "201411" , "Islamic_State_of_Iraq_and_the_Levant"
"2014-12-27" , " 14166" , "en" , "Islamic_State_of_Iraq_and_the_Levant" , "-1" , "201412" , "Islamic_State_of_Iraq_and_the_Levant"
"2014-12-20" , " 15989" , "en" , "Islamic_State_of_Iraq_and_the_Levant" , "-1" , "201412" , "Islamic_State_of_Iraq_and_the_Levant"
"2014-12-21" , " 15048" , "en" , "Islamic_State_of_Iraq_and_the_Levant" , "-1" , "201412" , "Islamic_State_of_Iraq_and_the_Levant"
"2014-12-04" , " 20347" , "en" , "Islamic_State_of_Iraq_and_the_Levant" , "-1" , "201412" , "Islamic_State_of_Iraq_and_the_Levant"
"2014-12-23" , " 21625" , "en" , "Islamic_State_of_Iraq_and_the_Levant" , "-1" , "201412" , "Islamic_State_of_Iraq_and_the_Levant"
"2014-12-08" , " 19714" , "en" , "Islamic_State_of_Iraq_and_the_Levant" , "-1" , "201412" , "Islamic_State_of_Iraq_and_the_Levant"
"2014-12-09" , " 18311" , "en" , "Islamic_State_of_Iraq_and_the_Levant" , "-1" , "201412" , "Islamic_State_of_Iraq_and_the_Levant"
"2014-12-28" , " 14826" , "en" , "Islamic_State_of_Iraq_and_the_Levant" , "-1" , "201412" , "Islamic_State_of_Iraq_and_the_Levant"
"2014-12-29" , " 17855" , "en" , "Islamic_State_of_Iraq_and_the_Levant" , "-1" , "201412" , "Islamic_State_of_Iraq_and_the_Levant"
"2014-12-02" , " 23041" , "en" , "Islamic_State_of_Iraq_and_the_Levant" , "-1" , "201412" , "Islamic_State_of_Iraq_and_the_Levant"
"2014-12-03" , " 23630" , "en" , "Islamic_State_of_Iraq_and_the_Levant" , "-1" , "201412" , "Islamic_State_of_Iraq_and_the_Levant"
"2014-12-26" , " 15761" , "en" , "Islamic_State_of_Iraq_and_the_Levant" , "-1" , "201412" , "Islamic_State_of_Iraq_and_the_Levant"
"2014-12-01" , " 22954" , "en" , "Islamic_State_of_Iraq_and_the_Levant" , "-1" , "201412" , "Islamic_State_of_Iraq_and_the_Levant"
"2014-12-06" , " 52076" , "en" , "Islamic_State_of_Iraq_and_the_Levant" , "-1" , "201412" , "Islamic_State_of_Iraq_and_the_Levant"
"2014-12-07" , " 15090" , "en" , "Islamic_State_of_Iraq_and_the_Levant" , "-1" , "201412" , "Islamic_State_of_Iraq_and_the_Levant"
"2014-12-22" , " 19833" , "en" , "Islamic_State_of_Iraq_and_the_Levant" , "-1" , "201412" , "Islamic_State_of_Iraq_and_the_Levant"
"2014-12-05" , " 17164" , "en" , "Islamic_State_of_Iraq_and_the_Levant" , "-1" , "201412" , "Islamic_State_of_Iraq_and_the_Levant"
"2014-12-19" , " 20771" , "en" , "Islamic_State_of_Iraq_and_the_Levant" , "-1" , "201412" , "Islamic_State_of_Iraq_and_the_Levant"
"2014-12-18" , " 29494" , "en" , "Islamic_State_of_Iraq_and_the_Levant" , "-1" , "201412" , "Islamic_State_of_Iraq_and_the_Levant"
"2014-12-31" , " 14753" , "en" , "Islamic_State_of_Iraq_and_the_Levant" , "-1" , "201412" , "Islamic_State_of_Iraq_and_the_Levant"
"2014-12-30" , " 16006" , "en" , "Islamic_State_of_Iraq_and_the_Levant" , "-1" , "201412" , "Islamic_State_of_Iraq_and_the_Levant"
"2014-12-11" , " 17273" , "en" , "Islamic_State_of_Iraq_and_the_Levant" , "-1" , "201412" , "Islamic_State_of_Iraq_and_the_Levant"
"2014-12-10" , " 17320" , "en" , "Islamic_State_of_Iraq_and_the_Levant" , "-1" , "201412" , "Islamic_State_of_Iraq_and_the_Levant"
"2014-12-13" , " 14451" , "en" , "Islamic_State_of_Iraq_and_the_Levant" , "-1" , "201412" , "Islamic_State_of_Iraq_and_the_Levant"
"2014-12-12" , " 16445" , "en" , "Islamic_State_of_Iraq_and_the_Levant" , "-1" , "201412" , "Islamic_State_of_Iraq_and_the_Levant"
"2014-12-15" , " 39996" , "en" , "Islamic_State_of_Iraq_and_the_Levant" , "-1" , "201412" , "Islamic_State_of_Iraq_and_the_Levant"
"2014-12-14" , " 14924" , "en" , "Islamic_State_of_Iraq_and_the_Levant" , "-1" , "201412" , "Islamic_State_of_Iraq_and_the_Levant"
"2014-12-17" , " 26288" , "en" , "Islamic_State_of_Iraq_and_the_Levant" , "-1" , "201412" , "Islamic_State_of_Iraq_and_the_Levant"
"2014-12-16" , " 31985" , "en" , "Islamic_State_of_Iraq_and_the_Levant" , "-1" , "201412" , "Islamic_State_of_Iraq_and_the_Levant"
"2014-12-24" , " 21644" , "en" , "Islamic_State_of_Iraq_and_the_Levant" , "-1" , "201412" , "Islamic_State_of_Iraq_and_the_Levant"
"2014-12-25" , " 17641" , "en" , "Islamic_State_of_Iraq_and_the_Levant" , "-1" , "201412" , "Islamic_State_of_Iraq_and_the_Levant"
"2015-01-18" , " 27341" , "en" , "Islamic_State_of_Iraq_and_the_Levant" , "-1" , "201501" , "Islamic_State_of_Iraq_and_the_Levant"
"2015-01-19" , " 28618" , "en" , "Islamic_State_of_Iraq_and_the_Levant" , "-1" , "201501" , "Islamic_State_of_Iraq_and_the_Levant"
"2015-01-10" , " 22765" , "en" , "Islamic_State_of_Iraq_and_the_Levant" , "-1" , "201501" , "Islamic_State_of_Iraq_and_the_Levant"
"2015-01-11" , " 22680" , "en" , "Islamic_State_of_Iraq_and_the_Levant" , "-1" , "201501" , "Islamic_State_of_Iraq_and_the_Levant"
"2015-01-12" , " 33160" , "en" , "Islamic_State_of_Iraq_and_the_Levant" , "-1" , "201501" , "Islamic_State_of_Iraq_and_the_Levant"
"2015-01-13" , " 32322" , "en" , "Islamic_State_of_Iraq_and_the_Levant" , "-1" , "201501" , "Islamic_State_of_Iraq_and_the_Levant"
"2015-01-14" , " 30883" , "en" , "Islamic_State_of_Iraq_and_the_Levant" , "-1" , "201501" , "Islamic_State_of_Iraq_and_the_Levant"
"2015-01-15" , " 28779" , "en" , "Islamic_State_of_Iraq_and_the_Levant" , "-1" , "201501" , "Islamic_State_of_Iraq_and_the_Levant"
"2015-01-16" , " 26249" , "en" , "Islamic_State_of_Iraq_and_the_Levant" , "-1" , "201501" , "Islamic_State_of_Iraq_and_the_Levant"
"2015-01-17" , " 23589" , "en" , "Islamic_State_of_Iraq_and_the_Levant" , "-1" , "201501" , "Islamic_State_of_Iraq_and_the_Levant"
"2015-01-30" , " 28881" , "en" , "Islamic_State_of_Iraq_and_the_Levant" , "-1" , "201501" , "Islamic_State_of_Iraq_and_the_Levant"
"2015-01-31" , " 19302" , "en" , "Islamic_State_of_Iraq_and_the_Levant" , "-1" , "201501" , "Islamic_State_of_Iraq_and_the_Levant"
"2015-01-09" , " 30053" , "en" , "Islamic_State_of_Iraq_and_the_Levant" , "-1" , "201501" , "Islamic_State_of_Iraq_and_the_Levant"
"2015-01-08" , " 27887" , "en" , "Islamic_State_of_Iraq_and_the_Levant" , "-1" , "201501" , "Islamic_State_of_Iraq_and_the_Levant"
"2015-01-07" , " 24185" , "en" , "Islamic_State_of_Iraq_and_the_Levant" , "-1" , "201501" , "Islamic_State_of_Iraq_and_the_Levant"
"2015-01-06" , " 17416" , "en" , "Islamic_State_of_Iraq_and_the_Levant" , "-1" , "201501" , "Islamic_State_of_Iraq_and_the_Levant"
"2015-01-05" , " 16351" , "en" , "Islamic_State_of_Iraq_and_the_Levant" , "-1" , "201501" , "Islamic_State_of_Iraq_and_the_Levant"
"2015-01-04" , " 14191" , "en" , "Islamic_State_of_Iraq_and_the_Levant" , "-1" , "201501" , "Islamic_State_of_Iraq_and_the_Levant"
"2015-01-03" , " 13594" , "en" , "Islamic_State_of_Iraq_and_the_Levant" , "-1" , "201501" , "Islamic_State_of_Iraq_and_the_Levant"
"2015-01-02" , " 14678" , "en" , "Islamic_State_of_Iraq_and_the_Levant" , "-1" , "201501" , "Islamic_State_of_Iraq_and_the_Levant"
"2015-01-01" , " 12589" , "en" , "Islamic_State_of_Iraq_and_the_Levant" , "-1" , "201501" , "Islamic_State_of_Iraq_and_the_Levant"
"2015-01-25" , " 32702" , "en" , "Islamic_State_of_Iraq_and_the_Levant" , "-1" , "201501" , "Islamic_State_of_Iraq_and_the_Levant"
"2015-01-24" , " 30514" , "en" , "Islamic_State_of_Iraq_and_the_Levant" , "-1" , "201501" , "Islamic_State_of_Iraq_and_the_Levant"
"2015-01-27" , " 32695" , "en" , "Islamic_State_of_Iraq_and_the_Levant" , "-1" , "201501" , "Islamic_State_of_Iraq_and_the_Levant"
"2015-01-26" , " 31747" , "en" , "Islamic_State_of_Iraq_and_the_Levant" , "-1" , "201501" , "Islamic_State_of_Iraq_and_the_Levant"
"2015-01-21" , " 38303" , "en" , "Islamic_State_of_Iraq_and_the_Levant" , "-1" , "201501" , "Islamic_State_of_Iraq_and_the_Levant"
"2015-01-20" , " 40196" , "en" , "Islamic_State_of_Iraq_and_the_Levant" , "-1" , "201501" , "Islamic_State_of_Iraq_and_the_Levant"
"2015-01-23" , " 33569" , "en" , "Islamic_State_of_Iraq_and_the_Levant" , "-1" , "201501" , "Islamic_State_of_Iraq_and_the_Levant"
"2015-01-22" , " 32912" , "en" , "Islamic_State_of_Iraq_and_the_Levant" , "-1" , "201501" , "Islamic_State_of_Iraq_and_the_Levant"
"2015-01-29" , " 34224" , "en" , "Islamic_State_of_Iraq_and_the_Levant" , "-1" , "201501" , "Islamic_State_of_Iraq_and_the_Levant"
"2015-01-28" , " 32131" , "en" , "Islamic_State_of_Iraq_and_the_Levant" , "-1" , "201501" , "Islamic_State_of_Iraq_and_the_Levant"
"2015-02-28" , " 31997" , "en" , "Islamic_State_of_Iraq_and_the_Levant" , "-1" , "201502" , "Islamic_State_of_Iraq_and_the_Levant"
"2015-02-20" , " 44463" , "en" , "Islamic_State_of_Iraq_and_the_Levant" , "-1" , "201502" , "Islamic_State_of_Iraq_and_the_Levant"
"2015-02-21" , " 35060" , "en" , "Islamic_State_of_Iraq_and_the_Levant" , "-1" , "201502" , "Islamic_State_of_Iraq_and_the_Levant"
"2015-02-22" , " 42637" , "en" , "Islamic_State_of_Iraq_and_the_Levant" , "-1" , "201502" , "Islamic_State_of_Iraq_and_the_Levant"
"2015-02-23" , " 98989" , "en" , "Islamic_State_of_Iraq_and_the_Levant" , "-1" , "201502" , "Islamic_State_of_Iraq_and_the_Levant"
"2015-02-24" , " 64403" , "en" , "Islamic_State_of_Iraq_and_the_Levant" , "-1" , "201502" , "Islamic_State_of_Iraq_and_the_Levant"
"2015-02-25" , " 42515" , "en" , "Islamic_State_of_Iraq_and_the_Levant" , "-1" , "201502" , "Islamic_State_of_Iraq_and_the_Levant"
"2015-02-08" , " 42046" , "en" , "Islamic_State_of_Iraq_and_the_Levant" , "-1" , "201502" , "Islamic_State_of_Iraq_and_the_Levant"
"2015-02-09" , " 42053" , "en" , "Islamic_State_of_Iraq_and_the_Levant" , "-1" , "201502" , "Islamic_State_of_Iraq_and_the_Levant"
"2015-02-06" , " 69654" , "en" , "Islamic_State_of_Iraq_and_the_Levant" , "-1" , "201502" , "Islamic_State_of_Iraq_and_the_Levant"
"2015-02-07" , " 47464" , "en" , "Islamic_State_of_Iraq_and_the_Levant" , "-1" , "201502" , "Islamic_State_of_Iraq_and_the_Levant"
"2015-02-04" , "106822" , "en" , "Islamic_State_of_Iraq_and_the_Levant" , "-1" , "201502" , "Islamic_State_of_Iraq_and_the_Levant"
"2015-02-05" , " 84668" , "en" , "Islamic_State_of_Iraq_and_the_Levant" , "-1" , "201502" , "Islamic_State_of_Iraq_and_the_Levant"
"2015-02-02" , " 40052" , "en" , "Islamic_State_of_Iraq_and_the_Levant" , "-1" , "201502" , "Islamic_State_of_Iraq_and_the_Levant"
"2015-02-03" , " 58221" , "en" , "Islamic_State_of_Iraq_and_the_Levant" , "-1" , "201502" , "Islamic_State_of_Iraq_and_the_Levant"
"2015-02-01" , " 43814" , "en" , "Islamic_State_of_Iraq_and_the_Levant" , "-1" , "201502" , "Islamic_State_of_Iraq_and_the_Levant"
"2015-02-26" , " 43524" , "en" , "Islamic_State_of_Iraq_and_the_Levant" , "-1" , "201502" , "Islamic_State_of_Iraq_and_the_Levant"
"2015-02-19" , " 55778" , "en" , "Islamic_State_of_Iraq_and_the_Levant" , "-1" , "201502" , "Islamic_State_of_Iraq_and_the_Levant"
"2015-02-18" , " 73132" , "en" , "Islamic_State_of_Iraq_and_the_Levant" , "-1" , "201502" , "Islamic_State_of_Iraq_and_the_Levant"
"2015-02-15" , " 31512" , "en" , "Islamic_State_of_Iraq_and_the_Levant" , "-1" , "201502" , "Islamic_State_of_Iraq_and_the_Levant"
"2015-02-14" , " 27119" , "en" , "Islamic_State_of_Iraq_and_the_Levant" , "-1" , "201502" , "Islamic_State_of_Iraq_and_the_Levant"
"2015-02-17" , " 76924" , "en" , "Islamic_State_of_Iraq_and_the_Levant" , "-1" , "201502" , "Islamic_State_of_Iraq_and_the_Levant"
"2015-02-16" , " 79144" , "en" , "Islamic_State_of_Iraq_and_the_Levant" , "-1" , "201502" , "Islamic_State_of_Iraq_and_the_Levant"
"2015-02-11" , " 51137" , "en" , "Islamic_State_of_Iraq_and_the_Levant" , "-1" , "201502" , "Islamic_State_of_Iraq_and_the_Levant"
"2015-02-10" , " 49141" , "en" , "Islamic_State_of_Iraq_and_the_Levant" , "-1" , "201502" , "Islamic_State_of_Iraq_and_the_Levant"
"2015-02-13" , " 44809" , "en" , "Islamic_State_of_Iraq_and_the_Levant" , "-1" , "201502" , "Islamic_State_of_Iraq_and_the_Levant"
"2015-02-12" , " 40127" , "en" , "Islamic_State_of_Iraq_and_the_Levant" , "-1" , "201502" , "Islamic_State_of_Iraq_and_the_Levant"
"2015-02-27" , " 52413" , "en" , "Islamic_State_of_Iraq_and_the_Levant" , "-1" , "201502" , "Islamic_State_of_Iraq_and_the_Levant"
"2015-03-28" , " 19093" , "en" , "Islamic_State_of_Iraq_and_the_Levant" , "-1" , "201503" , "Islamic_State_of_Iraq_and_the_Levant"
"2015-03-30" , " 23375" , "en" , "Islamic_State_of_Iraq_and_the_Levant" , "-1" , "201503" , "Islamic_State_of_Iraq_and_the_Levant"
"2015-03-31" , " 32540" , "en" , "Islamic_State_of_Iraq_and_the_Levant" , "-1" , "201503" , "Islamic_State_of_Iraq_and_the_Levant"
"2015-03-18" , " 31215" , "en" , "Islamic_State_of_Iraq_and_the_Levant" , "-1" , "201503" , "Islamic_State_of_Iraq_and_the_Levant"
"2015-03-19" , " 28392" , "en" , "Islamic_State_of_Iraq_and_the_Levant" , "-1" , "201503" , "Islamic_State_of_Iraq_and_the_Levant"
"2015-03-12" , " 39387" , "en" , "Islamic_State_of_Iraq_and_the_Levant" , "-1" , "201503" , "Islamic_State_of_Iraq_and_the_Levant"
"2015-03-13" , " 34737" , "en" , "Islamic_State_of_Iraq_and_the_Levant" , "-1" , "201503" , "Islamic_State_of_Iraq_and_the_Levant"
"2015-03-10" , " 40440" , "en" , "Islamic_State_of_Iraq_and_the_Levant" , "-1" , "201503" , "Islamic_State_of_Iraq_and_the_Levant"
"2015-03-11" , " 39016" , "en" , "Islamic_State_of_Iraq_and_the_Levant" , "-1" , "201503" , "Islamic_State_of_Iraq_and_the_Levant"
"2015-03-16" , " 31745" , "en" , "Islamic_State_of_Iraq_and_the_Levant" , "-1" , "201503" , "Islamic_State_of_Iraq_and_the_Levant"
"2015-03-17" , " 33504" , "en" , "Islamic_State_of_Iraq_and_the_Levant" , "-1" , "201503" , "Islamic_State_of_Iraq_and_the_Levant"
"2015-03-14" , " 24345" , "en" , "Islamic_State_of_Iraq_and_the_Levant" , "-1" , "201503" , "Islamic_State_of_Iraq_and_the_Levant"
"2015-03-15" , " 25852" , "en" , "Islamic_State_of_Iraq_and_the_Levant" , "-1" , "201503" , "Islamic_State_of_Iraq_and_the_Levant"
"2015-03-23" , " 28443" , "en" , "Islamic_State_of_Iraq_and_the_Levant" , "-1" , "201503" , "Islamic_State_of_Iraq_and_the_Levant"
"2015-03-22" , " 25145" , "en" , "Islamic_State_of_Iraq_and_the_Levant" , "-1" , "201503" , "Islamic_State_of_Iraq_and_the_Levant"
"2015-03-09" , " 40034" , "en" , "Islamic_State_of_Iraq_and_the_Levant" , "-1" , "201503" , "Islamic_State_of_Iraq_and_the_Levant"
"2015-03-08" , " 39858" , "en" , "Islamic_State_of_Iraq_and_the_Levant" , "-1" , "201503" , "Islamic_State_of_Iraq_and_the_Levant"
"2015-03-21" , " 23301" , "en" , "Islamic_State_of_Iraq_and_the_Levant" , "-1" , "201503" , "Islamic_State_of_Iraq_and_the_Levant"
"2015-03-20" , " 31240" , "en" , "Islamic_State_of_Iraq_and_the_Levant" , "-1" , "201503" , "Islamic_State_of_Iraq_and_the_Levant"
"2015-03-27" , " 24863" , "en" , "Islamic_State_of_Iraq_and_the_Levant" , "-1" , "201503" , "Islamic_State_of_Iraq_and_the_Levant"
"2015-03-26" , " 29851" , "en" , "Islamic_State_of_Iraq_and_the_Levant" , "-1" , "201503" , "Islamic_State_of_Iraq_and_the_Levant"
"2015-03-25" , " 29919" , "en" , "Islamic_State_of_Iraq_and_the_Levant" , "-1" , "201503" , "Islamic_State_of_Iraq_and_the_Levant"
"2015-03-24" , " 27751" , "en" , "Islamic_State_of_Iraq_and_the_Levant" , "-1" , "201503" , "Islamic_State_of_Iraq_and_the_Levant"
"2015-03-01" , " 32041" , "en" , "Islamic_State_of_Iraq_and_the_Levant" , "-1" , "201503" , "Islamic_State_of_Iraq_and_the_Levant"
"2015-03-03" , " 38631" , "en" , "Islamic_State_of_Iraq_and_the_Levant" , "-1" , "201503" , "Islamic_State_of_Iraq_and_the_Levant"
"2015-03-02" , " 42514" , "en" , "Islamic_State_of_Iraq_and_the_Levant" , "-1" , "201503" , "Islamic_State_of_Iraq_and_the_Levant"
"2015-03-05" , " 31672" , "en" , "Islamic_State_of_Iraq_and_the_Levant" , "-1" , "201503" , "Islamic_State_of_Iraq_and_the_Levant"
"2015-03-04" , " 39079" , "en" , "Islamic_State_of_Iraq_and_the_Levant" , "-1" , "201503" , "Islamic_State_of_Iraq_and_the_Levant"
"2015-03-07" , " 34682" , "en" , "Islamic_State_of_Iraq_and_the_Levant" , "-1" , "201503" , "Islamic_State_of_Iraq_and_the_Levant"
"2015-03-06" , " 41536" , "en" , "Islamic_State_of_Iraq_and_the_Levant" , "-1" , "201503" , "Islamic_State_of_Iraq_and_the_Levant"
"2015-03-29" , " 21179" , "en" , "Islamic_State_of_Iraq_and_the_Levant" , "-1" , "201503" , "Islamic_State_of_Iraq_and_the_Levant"
"2015-04-30" , " 19608" , "en" , "Islamic_State_of_Iraq_and_the_Levant" , "-1" , "201504" , "Islamic_State_of_Iraq_and_the_Levant"
"2015-04-08" , " 31832" , "en" , "Islamic_State_of_Iraq_and_the_Levant" , "-1" , "201504" , "Islamic_State_of_Iraq_and_the_Levant"
"2015-04-09" , " 20731" , "en" , "Islamic_State_of_Iraq_and_the_Levant" , "-1" , "201504" , "Islamic_State_of_Iraq_and_the_Levant"
"2015-04-01" , " 24652" , "en" , "Islamic_State_of_Iraq_and_the_Levant" , "-1" , "201504" , "Islamic_State_of_Iraq_and_the_Levant"
"2015-04-02" , " 23751" , "en" , "Islamic_State_of_Iraq_and_the_Levant" , "-1" , "201504" , "Islamic_State_of_Iraq_and_the_Levant"
"2015-04-03" , " 18843" , "en" , "Islamic_State_of_Iraq_and_the_Levant" , "-1" , "201504" , "Islamic_State_of_Iraq_and_the_Levant"
"2015-04-04" , " 18288" , "en" , "Islamic_State_of_Iraq_and_the_Levant" , "-1" , "201504" , "Islamic_State_of_Iraq_and_the_Levant"
"2015-04-05" , " 17858" , "en" , "Islamic_State_of_Iraq_and_the_Levant" , "-1" , "201504" , "Islamic_State_of_Iraq_and_the_Levant"
"2015-04-06" , " 23059" , "en" , "Islamic_State_of_Iraq_and_the_Levant" , "-1" , "201504" , "Islamic_State_of_Iraq_and_the_Levant"
"2015-04-07" , " 34996" , "en" , "Islamic_State_of_Iraq_and_the_Levant" , "-1" , "201504" , "Islamic_State_of_Iraq_and_the_Levant"
"2015-04-26" , " 16554" , "en" , "Islamic_State_of_Iraq_and_the_Levant" , "-1" , "201504" , "Islamic_State_of_Iraq_and_the_Levant"
"2015-04-27" , " 21875" , "en" , "Islamic_State_of_Iraq_and_the_Levant" , "-1" , "201504" , "Islamic_State_of_Iraq_and_the_Levant"
"2015-04-24" , " 22428" , "en" , "Islamic_State_of_Iraq_and_the_Levant" , "-1" , "201504" , "Islamic_State_of_Iraq_and_the_Levant"
"2015-04-25" , " 16744" , "en" , "Islamic_State_of_Iraq_and_the_Levant" , "-1" , "201504" , "Islamic_State_of_Iraq_and_the_Levant"
"2015-04-22" , " 28742" , "en" , "Islamic_State_of_Iraq_and_the_Levant" , "-1" , "201504" , "Islamic_State_of_Iraq_and_the_Levant"
"2015-04-23" , " 26664" , "en" , "Islamic_State_of_Iraq_and_the_Levant" , "-1" , "201504" , "Islamic_State_of_Iraq_and_the_Levant"
"2015-04-20" , " 27839" , "en" , "Islamic_State_of_Iraq_and_the_Levant" , "-1" , "201504" , "Islamic_State_of_Iraq_and_the_Levant"
"2015-04-21" , " 28348" , "en" , "Islamic_State_of_Iraq_and_the_Levant" , "-1" , "201504" , "Islamic_State_of_Iraq_and_the_Levant"
"2015-04-28" , " 21174" , "en" , "Islamic_State_of_Iraq_and_the_Levant" , "-1" , "201504" , "Islamic_State_of_Iraq_and_the_Levant"
"2015-04-29" , " 20262" , "en" , "Islamic_State_of_Iraq_and_the_Levant" , "-1" , "201504" , "Islamic_State_of_Iraq_and_the_Levant"
"2015-04-19" , " 19309" , "en" , "Islamic_State_of_Iraq_and_the_Levant" , "-1" , "201504" , "Islamic_State_of_Iraq_and_the_Levant"
"2015-04-18" , " 17485" , "en" , "Islamic_State_of_Iraq_and_the_Levant" , "-1" , "201504" , "Islamic_State_of_Iraq_and_the_Levant"
"2015-04-17" , " 19734" , "en" , "Islamic_State_of_Iraq_and_the_Levant" , "-1" , "201504" , "Islamic_State_of_Iraq_and_the_Levant"
"2015-04-16" , " 21271" , "en" , "Islamic_State_of_Iraq_and_the_Levant" , "-1" , "201504" , "Islamic_State_of_Iraq_and_the_Levant"
"2015-04-15" , " 23166" , "en" , "Islamic_State_of_Iraq_and_the_Levant" , "-1" , "201504" , "Islamic_State_of_Iraq_and_the_Levant"
"2015-04-14" , " 26328" , "en" , "Islamic_State_of_Iraq_and_the_Levant" , "-1" , "201504" , "Islamic_State_of_Iraq_and_the_Levant"
"2015-04-13" , " 22808" , "en" , "Islamic_State_of_Iraq_and_the_Levant" , "-1" , "201504" , "Islamic_State_of_Iraq_and_the_Levant"
"2015-04-12" , " 17659" , "en" , "Islamic_State_of_Iraq_and_the_Levant" , "-1" , "201504" , "Islamic_State_of_Iraq_and_the_Levant"
"2015-04-11" , " 14601" , "en" , "Islamic_State_of_Iraq_and_the_Levant" , "-1" , "201504" , "Islamic_State_of_Iraq_and_the_Levant"
"2015-04-10" , " 23309" , "en" , "Islamic_State_of_Iraq_and_the_Levant" , "-1" , "201504" , "Islamic_State_of_Iraq_and_the_Levant"
"2014-08-28" , "     0" , "ar" , "%D8%AF%D8%A7%D8%B9%D8%B4" , "-1" , "201408" , "داعش"
"2014-08-30" , "    96" , "ar" , "%D8%AF%D8%A7%D8%B9%D8%B4" , "-1" , "201408" , "داعش"
"2014-08-31" , "   125" , "ar" , "%D8%AF%D8%A7%D8%B9%D8%B4" , "-1" , "201408" , "داعش"
"2014-08-09" , "   207" , "ar" , "%D8%AF%D8%A7%D8%B9%D8%B4" , "-1" , "201408" , "داعش"
"2014-08-08" , "   194" , "ar" , "%D8%AF%D8%A7%D8%B9%D8%B4" , "-1" , "201408" , "داعش"
"2014-08-21" , "   157" , "ar" , "%D8%AF%D8%A7%D8%B9%D8%B4" , "-1" , "201408" , "داعش"
"2014-08-20" , "   146" , "ar" , "%D8%AF%D8%A7%D8%B9%D8%B4" , "-1" , "201408" , "داعش"
"2014-08-27" , "   133" , "ar" , "%D8%AF%D8%A7%D8%B9%D8%B4" , "-1" , "201408" , "داعش"
"2014-08-26" , "   136" , "ar" , "%D8%AF%D8%A7%D8%B9%D8%B4" , "-1" , "201408" , "داعش"
"2014-08-25" , "   143" , "ar" , "%D8%AF%D8%A7%D8%B9%D8%B4" , "-1" , "201408" , "داعش"
"2014-08-24" , "   158" , "ar" , "%D8%AF%D8%A7%D8%B9%D8%B4" , "-1" , "201408" , "داعش"
"2014-08-01" , "    87" , "ar" , "%D8%AF%D8%A7%D8%B9%D8%B4" , "-1" , "201408" , "داعش"
"2014-08-03" , "   153" , "ar" , "%D8%AF%D8%A7%D8%B9%D8%B4" , "-1" , "201408" , "داعش"
"2014-08-02" , "   114" , "ar" , "%D8%AF%D8%A7%D8%B9%D8%B4" , "-1" , "201408" , "داعش"
"2014-08-05" , "   128" , "ar" , "%D8%AF%D8%A7%D8%B9%D8%B4" , "-1" , "201408" , "داعش"
"2014-08-04" , "   141" , "ar" , "%D8%AF%D8%A7%D8%B9%D8%B4" , "-1" , "201408" , "داعش"
"2014-08-07" , "   162" , "ar" , "%D8%AF%D8%A7%D8%B9%D8%B4" , "-1" , "201408" , "داعش"
"2014-08-06" , "   146" , "ar" , "%D8%AF%D8%A7%D8%B9%D8%B4" , "-1" , "201408" , "داعش"
"2014-08-23" , "   127" , "ar" , "%D8%AF%D8%A7%D8%B9%D8%B4" , "-1" , "201408" , "داعش"
"2014-08-22" , "   145" , "ar" , "%D8%AF%D8%A7%D8%B9%D8%B4" , "-1" , "201408" , "داعش"
"2014-08-18" , "   134" , "ar" , "%D8%AF%D8%A7%D8%B9%D8%B4" , "-1" , "201408" , "داعش"
"2014-08-19" , "   137" , "ar" , "%D8%AF%D8%A7%D8%B9%D8%B4" , "-1" , "201408" , "داعش"
"2014-08-12" , "   152" , "ar" , "%D8%AF%D8%A7%D8%B9%D8%B4" , "-1" , "201408" , "داعش"
"2014-08-13" , "   156" , "ar" , "%D8%AF%D8%A7%D8%B9%D8%B4" , "-1" , "201408" , "داعش"
"2014-08-10" , "   221" , "ar" , "%D8%AF%D8%A7%D8%B9%D8%B4" , "-1" , "201408" , "داعش"
"2014-08-11" , "   172" , "ar" , "%D8%AF%D8%A7%D8%B9%D8%B4" , "-1" , "201408" , "داعش"
"2014-08-16" , "   152" , "ar" , "%D8%AF%D8%A7%D8%B9%D8%B4" , "-1" , "201408" , "داعش"
"2014-08-17" , "   135" , "ar" , "%D8%AF%D8%A7%D8%B9%D8%B4" , "-1" , "201408" , "داعش"
"2014-08-14" , "   141" , "ar" , "%D8%AF%D8%A7%D8%B9%D8%B4" , "-1" , "201408" , "داعش"
"2014-08-15" , "   138" , "ar" , "%D8%AF%D8%A7%D8%B9%D8%B4" , "-1" , "201408" , "داعش"
"2014-08-29" , "   115" , "ar" , "%D8%AF%D8%A7%D8%B9%D8%B4" , "-1" , "201408" , "داعش"
"2014-09-19" , "    92" , "ar" , "%D8%AF%D8%A7%D8%B9%D8%B4" , "-1" , "201409" , "داعش"
"2014-09-18" , "    93" , "ar" , "%D8%AF%D8%A7%D8%B9%D8%B4" , "-1" , "201409" , "داعش"
"2014-09-30" , "    85" , "ar" , "%D8%AF%D8%A7%D8%B9%D8%B4" , "-1" , "201409" , "داعش"
"2014-09-15" , "   100" , "ar" , "%D8%AF%D8%A7%D8%B9%D8%B4" , "-1" , "201409" , "داعش"
"2014-09-14" , "   127" , "ar" , "%D8%AF%D8%A7%D8%B9%D8%B4" , "-1" , "201409" , "داعش"
"2014-09-17" , "    87" , "ar" , "%D8%AF%D8%A7%D8%B9%D8%B4" , "-1" , "201409" , "داعش"
"2014-09-16" , "    91" , "ar" , "%D8%AF%D8%A7%D8%B9%D8%B4" , "-1" , "201409" , "داعش"
"2014-09-11" , "   102" , "ar" , "%D8%AF%D8%A7%D8%B9%D8%B4" , "-1" , "201409" , "داعش"
"2014-09-10" , "    97" , "ar" , "%D8%AF%D8%A7%D8%B9%D8%B4" , "-1" , "201409" , "داعش"
"2014-09-13" , "   107" , "ar" , "%D8%AF%D8%A7%D8%B9%D8%B4" , "-1" , "201409" , "داعش"
"2014-09-12" , "   126" , "ar" , "%D8%AF%D8%A7%D8%B9%D8%B4" , "-1" , "201409" , "داعش"
"2014-09-26" , "   117" , "ar" , "%D8%AF%D8%A7%D8%B9%D8%B4" , "-1" , "201409" , "داعش"
"2014-09-20" , "   121" , "ar" , "%D8%AF%D8%A7%D8%B9%D8%B4" , "-1" , "201409" , "داعش"
"2014-09-21" , "   108" , "ar" , "%D8%AF%D8%A7%D8%B9%D8%B4" , "-1" , "201409" , "داعش"
"2014-09-22" , "    85" , "ar" , "%D8%AF%D8%A7%D8%B9%D8%B4" , "-1" , "201409" , "داعش"
"2014-09-23" , "   126" , "ar" , "%D8%AF%D8%A7%D8%B9%D8%B4" , "-1" , "201409" , "داعش"
"2014-09-24" , "   119" , "ar" , "%D8%AF%D8%A7%D8%B9%D8%B4" , "-1" , "201409" , "داعش"
"2014-09-25" , "   113" , "ar" , "%D8%AF%D8%A7%D8%B9%D8%B4" , "-1" , "201409" , "داعش"
"2014-09-08" , "   117" , "ar" , "%D8%AF%D8%A7%D8%B9%D8%B4" , "-1" , "201409" , "داعش"
"2014-09-09" , "    89" , "ar" , "%D8%AF%D8%A7%D8%B9%D8%B4" , "-1" , "201409" , "داعش"
"2014-09-06" , "   133" , "ar" , "%D8%AF%D8%A7%D8%B9%D8%B4" , "-1" , "201409" , "داعش"
"2014-09-07" , "    83" , "ar" , "%D8%AF%D8%A7%D8%B9%D8%B4" , "-1" , "201409" , "داعش"
"2014-09-04" , "   104" , "ar" , "%D8%AF%D8%A7%D8%B9%D8%B4" , "-1" , "201409" , "داعش"
"2014-09-05" , "   107" , "ar" , "%D8%AF%D8%A7%D8%B9%D8%B4" , "-1" , "201409" , "داعش"
"2014-09-02" , "   136" , "ar" , "%D8%AF%D8%A7%D8%B9%D8%B4" , "-1" , "201409" , "داعش"
"2014-09-03" , "   128" , "ar" , "%D8%AF%D8%A7%D8%B9%D8%B4" , "-1" , "201409" , "داعش"
"2014-09-01" , "   115" , "ar" , "%D8%AF%D8%A7%D8%B9%D8%B4" , "-1" , "201409" , "داعش"
"2014-09-28" , "   113" , "ar" , "%D8%AF%D8%A7%D8%B9%D8%B4" , "-1" , "201409" , "داعش"
"2014-09-27" , "   101" , "ar" , "%D8%AF%D8%A7%D8%B9%D8%B4" , "-1" , "201409" , "داعش"
"2014-09-29" , "    89" , "ar" , "%D8%AF%D8%A7%D8%B9%D8%B4" , "-1" , "201409" , "داعش"
"2014-10-01" , "    80" , "ar" , "%D8%AF%D8%A7%D8%B9%D8%B4" , "-1" , "201410" , "داعش"
"2014-10-02" , "    77" , "ar" , "%D8%AF%D8%A7%D8%B9%D8%B4" , "-1" , "201410" , "داعش"
"2014-10-03" , "    73" , "ar" , "%D8%AF%D8%A7%D8%B9%D8%B4" , "-1" , "201410" , "داعش"
"2014-10-04" , "    94" , "ar" , "%D8%AF%D8%A7%D8%B9%D8%B4" , "-1" , "201410" , "داعش"
"2014-10-05" , "    71" , "ar" , "%D8%AF%D8%A7%D8%B9%D8%B4" , "-1" , "201410" , "داعش"
"2014-10-06" , "   105" , "ar" , "%D8%AF%D8%A7%D8%B9%D8%B4" , "-1" , "201410" , "داعش"
"2014-10-07" , "   101" , "ar" , "%D8%AF%D8%A7%D8%B9%D8%B4" , "-1" , "201410" , "داعش"
"2014-10-08" , "   118" , "ar" , "%D8%AF%D8%A7%D8%B9%D8%B4" , "-1" , "201410" , "داعش"
"2014-10-09" , "   155" , "ar" , "%D8%AF%D8%A7%D8%B9%D8%B4" , "-1" , "201410" , "داعش"
"2014-10-24" , "    92" , "ar" , "%D8%AF%D8%A7%D8%B9%D8%B4" , "-1" , "201410" , "داعش"
"2014-10-25" , "    70" , "ar" , "%D8%AF%D8%A7%D8%B9%D8%B4" , "-1" , "201410" , "داعش"
"2014-10-22" , "    86" , "ar" , "%D8%AF%D8%A7%D8%B9%D8%B4" , "-1" , "201410" , "داعش"
"2014-10-23" , "   120" , "ar" , "%D8%AF%D8%A7%D8%B9%D8%B4" , "-1" , "201410" , "داعش"
"2014-10-20" , "    89" , "ar" , "%D8%AF%D8%A7%D8%B9%D8%B4" , "-1" , "201410" , "داعش"
"2014-10-21" , "    67" , "ar" , "%D8%AF%D8%A7%D8%B9%D8%B4" , "-1" , "201410" , "داعش"
"2014-10-28" , "   107" , "ar" , "%D8%AF%D8%A7%D8%B9%D8%B4" , "-1" , "201410" , "داعش"
"2014-10-29" , "    77" , "ar" , "%D8%AF%D8%A7%D8%B9%D8%B4" , "-1" , "201410" , "داعش"
"2014-10-26" , "    79" , "ar" , "%D8%AF%D8%A7%D8%B9%D8%B4" , "-1" , "201410" , "داعش"
"2014-10-27" , "    88" , "ar" , "%D8%AF%D8%A7%D8%B9%D8%B4" , "-1" , "201410" , "داعش"
"2014-10-17" , "   103" , "ar" , "%D8%AF%D8%A7%D8%B9%D8%B4" , "-1" , "201410" , "داعش"
"2014-10-16" , "   116" , "ar" , "%D8%AF%D8%A7%D8%B9%D8%B4" , "-1" , "201410" , "داعش"
"2014-10-15" , "   100" , "ar" , "%D8%AF%D8%A7%D8%B9%D8%B4" , "-1" , "201410" , "داعش"
"2014-10-14" , "   134" , "ar" , "%D8%AF%D8%A7%D8%B9%D8%B4" , "-1" , "201410" , "داعش"
"2014-10-13" , "   124" , "ar" , "%D8%AF%D8%A7%D8%B9%D8%B4" , "-1" , "201410" , "داعش"
"2014-10-12" , "   162" , "ar" , "%D8%AF%D8%A7%D8%B9%D8%B4" , "-1" , "201410" , "داعش"
"2014-10-11" , "   160" , "ar" , "%D8%AF%D8%A7%D8%B9%D8%B4" , "-1" , "201410" , "داعش"
"2014-10-10" , "   160" , "ar" , "%D8%AF%D8%A7%D8%B9%D8%B4" , "-1" , "201410" , "داعش"
"2014-10-31" , "    81" , "ar" , "%D8%AF%D8%A7%D8%B9%D8%B4" , "-1" , "201410" , "داعش"
"2014-10-30" , "    83" , "ar" , "%D8%AF%D8%A7%D8%B9%D8%B4" , "-1" , "201410" , "داعش"
"2014-10-19" , "    72" , "ar" , "%D8%AF%D8%A7%D8%B9%D8%B4" , "-1" , "201410" , "داعش"
"2014-10-18" , "   104" , "ar" , "%D8%AF%D8%A7%D8%B9%D8%B4" , "-1" , "201410" , "داعش"
"2014-11-21" , "    58" , "ar" , "%D8%AF%D8%A7%D8%B9%D8%B4" , "-1" , "201411" , "داعش"
"2014-11-20" , "    66" , "ar" , "%D8%AF%D8%A7%D8%B9%D8%B4" , "-1" , "201411" , "داعش"
"2014-11-23" , "    53" , "ar" , "%D8%AF%D8%A7%D8%B9%D8%B4" , "-1" , "201411" , "داعش"
"2014-11-22" , "    62" , "ar" , "%D8%AF%D8%A7%D8%B9%D8%B4" , "-1" , "201411" , "داعش"
"2014-11-25" , "    47" , "ar" , "%D8%AF%D8%A7%D8%B9%D8%B4" , "-1" , "201411" , "داعش"
"2014-11-24" , "    65" , "ar" , "%D8%AF%D8%A7%D8%B9%D8%B4" , "-1" , "201411" , "داعش"
"2014-11-27" , "    62" , "ar" , "%D8%AF%D8%A7%D8%B9%D8%B4" , "-1" , "201411" , "داعش"
"2014-11-26" , "    64" , "ar" , "%D8%AF%D8%A7%D8%B9%D8%B4" , "-1" , "201411" , "داعش"
"2014-11-29" , "    47" , "ar" , "%D8%AF%D8%A7%D8%B9%D8%B4" , "-1" , "201411" , "داعش"
"2014-11-28" , "    66" , "ar" , "%D8%AF%D8%A7%D8%B9%D8%B4" , "-1" , "201411" , "داعش"
"2014-11-30" , "    54" , "ar" , "%D8%AF%D8%A7%D8%B9%D8%B4" , "-1" , "201411" , "داعش"
"2014-11-14" , "    65" , "ar" , "%D8%AF%D8%A7%D8%B9%D8%B4" , "-1" , "201411" , "داعش"
"2014-11-15" , "    76" , "ar" , "%D8%AF%D8%A7%D8%B9%D8%B4" , "-1" , "201411" , "داعش"
"2014-11-16" , "    89" , "ar" , "%D8%AF%D8%A7%D8%B9%D8%B4" , "-1" , "201411" , "داعش"
"2014-11-17" , "    74" , "ar" , "%D8%AF%D8%A7%D8%B9%D8%B4" , "-1" , "201411" , "داعش"
"2014-11-10" , "    79" , "ar" , "%D8%AF%D8%A7%D8%B9%D8%B4" , "-1" , "201411" , "داعش"
"2014-11-11" , "    82" , "ar" , "%D8%AF%D8%A7%D8%B9%D8%B4" , "-1" , "201411" , "داعش"
"2014-11-12" , "    41" , "ar" , "%D8%AF%D8%A7%D8%B9%D8%B4" , "-1" , "201411" , "داعش"
"2014-11-13" , "    47" , "ar" , "%D8%AF%D8%A7%D8%B9%D8%B4" , "-1" , "201411" , "داعش"
"2014-11-18" , "    66" , "ar" , "%D8%AF%D8%A7%D8%B9%D8%B4" , "-1" , "201411" , "داعش"
"2014-11-19" , "    73" , "ar" , "%D8%AF%D8%A7%D8%B9%D8%B4" , "-1" , "201411" , "داعش"
"2014-11-09" , "    59" , "ar" , "%D8%AF%D8%A7%D8%B9%D8%B4" , "-1" , "201411" , "داعش"
"2014-11-08" , "    72" , "ar" , "%D8%AF%D8%A7%D8%B9%D8%B4" , "-1" , "201411" , "داعش"
"2014-11-03" , "    89" , "ar" , "%D8%AF%D8%A7%D8%B9%D8%B4" , "-1" , "201411" , "داعش"
"2014-11-02" , "    75" , "ar" , "%D8%AF%D8%A7%D8%B9%D8%B4" , "-1" , "201411" , "داعش"
"2014-11-01" , "    72" , "ar" , "%D8%AF%D8%A7%D8%B9%D8%B4" , "-1" , "201411" , "داعش"
"2014-11-07" , "    74" , "ar" , "%D8%AF%D8%A7%D8%B9%D8%B4" , "-1" , "201411" , "داعش"
"2014-11-06" , "    69" , "ar" , "%D8%AF%D8%A7%D8%B9%D8%B4" , "-1" , "201411" , "داعش"
"2014-11-05" , "    69" , "ar" , "%D8%AF%D8%A7%D8%B9%D8%B4" , "-1" , "201411" , "داعش"
"2014-11-04" , "    72" , "ar" , "%D8%AF%D8%A7%D8%B9%D8%B4" , "-1" , "201411" , "داعش"
"2014-12-27" , "    96" , "ar" , "%D8%AF%D8%A7%D8%B9%D8%B4" , "-1" , "201412" , "داعش"
"2014-12-20" , "    64" , "ar" , "%D8%AF%D8%A7%D8%B9%D8%B4" , "-1" , "201412" , "داعش"
"2014-12-21" , "   217" , "ar" , "%D8%AF%D8%A7%D8%B9%D8%B4" , "-1" , "201412" , "داعش"
"2014-12-04" , "    45" , "ar" , "%D8%AF%D8%A7%D8%B9%D8%B4" , "-1" , "201412" , "داعش"
"2014-12-23" , "    79" , "ar" , "%D8%AF%D8%A7%D8%B9%D8%B4" , "-1" , "201412" , "داعش"
"2014-12-08" , "    51" , "ar" , "%D8%AF%D8%A7%D8%B9%D8%B4" , "-1" , "201412" , "داعش"
"2014-12-09" , "    47" , "ar" , "%D8%AF%D8%A7%D8%B9%D8%B4" , "-1" , "201412" , "داعش"
"2014-12-28" , "    64" , "ar" , "%D8%AF%D8%A7%D8%B9%D8%B4" , "-1" , "201412" , "داعش"
"2014-12-29" , "    44" , "ar" , "%D8%AF%D8%A7%D8%B9%D8%B4" , "-1" , "201412" , "داعش"
"2014-12-02" , "    52" , "ar" , "%D8%AF%D8%A7%D8%B9%D8%B4" , "-1" , "201412" , "داعش"
"2014-12-03" , "    40" , "ar" , "%D8%AF%D8%A7%D8%B9%D8%B4" , "-1" , "201412" , "داعش"
"2014-12-26" , "   102" , "ar" , "%D8%AF%D8%A7%D8%B9%D8%B4" , "-1" , "201412" , "داعش"
"2014-12-01" , "    49" , "ar" , "%D8%AF%D8%A7%D8%B9%D8%B4" , "-1" , "201412" , "داعش"
"2014-12-06" , "    62" , "ar" , "%D8%AF%D8%A7%D8%B9%D8%B4" , "-1" , "201412" , "داعش"
"2014-12-07" , "    53" , "ar" , "%D8%AF%D8%A7%D8%B9%D8%B4" , "-1" , "201412" , "داعش"
"2014-12-22" , "    75" , "ar" , "%D8%AF%D8%A7%D8%B9%D8%B4" , "-1" , "201412" , "داعش"
"2014-12-05" , "    63" , "ar" , "%D8%AF%D8%A7%D8%B9%D8%B4" , "-1" , "201412" , "داعش"
"2014-12-19" , "   168" , "ar" , "%D8%AF%D8%A7%D8%B9%D8%B4" , "-1" , "201412" , "داعش"
"2014-12-18" , "    90" , "ar" , "%D8%AF%D8%A7%D8%B9%D8%B4" , "-1" , "201412" , "داعش"
"2014-12-31" , "    32" , "ar" , "%D8%AF%D8%A7%D8%B9%D8%B4" , "-1" , "201412" , "داعش"
"2014-12-30" , "    56" , "ar" , "%D8%AF%D8%A7%D8%B9%D8%B4" , "-1" , "201412" , "داعش"
"2014-12-11" , "    40" , "ar" , "%D8%AF%D8%A7%D8%B9%D8%B4" , "-1" , "201412" , "داعش"
"2014-12-10" , "    40" , "ar" , "%D8%AF%D8%A7%D8%B9%D8%B4" , "-1" , "201412" , "داعش"
"2014-12-13" , "    52" , "ar" , "%D8%AF%D8%A7%D8%B9%D8%B4" , "-1" , "201412" , "داعش"
"2014-12-12" , "    50" , "ar" , "%D8%AF%D8%A7%D8%B9%D8%B4" , "-1" , "201412" , "داعش"
"2014-12-15" , "    53" , "ar" , "%D8%AF%D8%A7%D8%B9%D8%B4" , "-1" , "201412" , "داعش"
"2014-12-14" , "    48" , "ar" , "%D8%AF%D8%A7%D8%B9%D8%B4" , "-1" , "201412" , "داعش"
"2014-12-17" , "    83" , "ar" , "%D8%AF%D8%A7%D8%B9%D8%B4" , "-1" , "201412" , "داعش"
"2014-12-16" , "   134" , "ar" , "%D8%AF%D8%A7%D8%B9%D8%B4" , "-1" , "201412" , "داعش"
"2014-12-24" , "   101" , "ar" , "%D8%AF%D8%A7%D8%B9%D8%B4" , "-1" , "201412" , "داعش"
"2014-12-25" , "    93" , "ar" , "%D8%AF%D8%A7%D8%B9%D8%B4" , "-1" , "201412" , "داعش"
"2015-01-18" , "    49" , "ar" , "%D8%AF%D8%A7%D8%B9%D8%B4" , "-1" , "201501" , "داعش"
"2015-01-19" , "    51" , "ar" , "%D8%AF%D8%A7%D8%B9%D8%B4" , "-1" , "201501" , "داعش"
"2015-01-10" , "    41" , "ar" , "%D8%AF%D8%A7%D8%B9%D8%B4" , "-1" , "201501" , "داعش"
"2015-01-11" , "    56" , "ar" , "%D8%AF%D8%A7%D8%B9%D8%B4" , "-1" , "201501" , "داعش"
"2015-01-12" , "    32" , "ar" , "%D8%AF%D8%A7%D8%B9%D8%B4" , "-1" , "201501" , "داعش"
"2015-01-13" , "    41" , "ar" , "%D8%AF%D8%A7%D8%B9%D8%B4" , "-1" , "201501" , "داعش"
"2015-01-14" , "    55" , "ar" , "%D8%AF%D8%A7%D8%B9%D8%B4" , "-1" , "201501" , "داعش"
"2015-01-15" , "    43" , "ar" , "%D8%AF%D8%A7%D8%B9%D8%B4" , "-1" , "201501" , "داعش"
"2015-01-16" , "    47" , "ar" , "%D8%AF%D8%A7%D8%B9%D8%B4" , "-1" , "201501" , "داعش"
"2015-01-17" , "    58" , "ar" , "%D8%AF%D8%A7%D8%B9%D8%B4" , "-1" , "201501" , "داعش"
"2015-01-30" , "    67" , "ar" , "%D8%AF%D8%A7%D8%B9%D8%B4" , "-1" , "201501" , "داعش"
"2015-01-31" , "    56" , "ar" , "%D8%AF%D8%A7%D8%B9%D8%B4" , "-1" , "201501" , "داعش"
"2015-01-09" , "    53" , "ar" , "%D8%AF%D8%A7%D8%B9%D8%B4" , "-1" , "201501" , "داعش"
"2015-01-08" , "    48" , "ar" , "%D8%AF%D8%A7%D8%B9%D8%B4" , "-1" , "201501" , "داعش"
"2015-01-07" , "    45" , "ar" , "%D8%AF%D8%A7%D8%B9%D8%B4" , "-1" , "201501" , "داعش"
"2015-01-06" , "    48" , "ar" , "%D8%AF%D8%A7%D8%B9%D8%B4" , "-1" , "201501" , "داعش"
"2015-01-05" , "    52" , "ar" , "%D8%AF%D8%A7%D8%B9%D8%B4" , "-1" , "201501" , "داعش"
"2015-01-04" , "    44" , "ar" , "%D8%AF%D8%A7%D8%B9%D8%B4" , "-1" , "201501" , "داعش"
"2015-01-03" , "    47" , "ar" , "%D8%AF%D8%A7%D8%B9%D8%B4" , "-1" , "201501" , "داعش"
"2015-01-02" , "    42" , "ar" , "%D8%AF%D8%A7%D8%B9%D8%B4" , "-1" , "201501" , "داعش"
"2015-01-01" , "    51" , "ar" , "%D8%AF%D8%A7%D8%B9%D8%B4" , "-1" , "201501" , "داعش"
"2015-01-25" , "    68" , "ar" , "%D8%AF%D8%A7%D8%B9%D8%B4" , "-1" , "201501" , "داعش"
"2015-01-24" , "    40" , "ar" , "%D8%AF%D8%A7%D8%B9%D8%B4" , "-1" , "201501" , "داعش"
"2015-01-27" , "    52" , "ar" , "%D8%AF%D8%A7%D8%B9%D8%B4" , "-1" , "201501" , "داعش"
"2015-01-26" , "    51" , "ar" , "%D8%AF%D8%A7%D8%B9%D8%B4" , "-1" , "201501" , "داعش"
"2015-01-21" , "    48" , "ar" , "%D8%AF%D8%A7%D8%B9%D8%B4" , "-1" , "201501" , "داعش"
"2015-01-20" , "    52" , "ar" , "%D8%AF%D8%A7%D8%B9%D8%B4" , "-1" , "201501" , "داعش"
"2015-01-23" , "    36" , "ar" , "%D8%AF%D8%A7%D8%B9%D8%B4" , "-1" , "201501" , "داعش"
"2015-01-22" , "    44" , "ar" , "%D8%AF%D8%A7%D8%B9%D8%B4" , "-1" , "201501" , "داعش"
"2015-01-29" , "    61" , "ar" , "%D8%AF%D8%A7%D8%B9%D8%B4" , "-1" , "201501" , "داعش"
"2015-01-28" , "    76" , "ar" , "%D8%AF%D8%A7%D8%B9%D8%B4" , "-1" , "201501" , "داعش"
"2015-02-28" , "  3166" , "ar" , "%D8%AF%D8%A7%D8%B9%D8%B4" , "-1" , "201502" , "داعش"
"2015-02-20" , "  4770" , "ar" , "%D8%AF%D8%A7%D8%B9%D8%B4" , "-1" , "201502" , "داعش"
"2015-02-21" , "  3754" , "ar" , "%D8%AF%D8%A7%D8%B9%D8%B4" , "-1" , "201502" , "داعش"
"2015-02-22" , "  3882" , "ar" , "%D8%AF%D8%A7%D8%B9%D8%B4" , "-1" , "201502" , "داعش"
"2015-02-23" , "  3060" , "ar" , "%D8%AF%D8%A7%D8%B9%D8%B4" , "-1" , "201502" , "داعش"
"2015-02-24" , "  2926" , "ar" , "%D8%AF%D8%A7%D8%B9%D8%B4" , "-1" , "201502" , "داعش"
"2015-02-25" , "  2575" , "ar" , "%D8%AF%D8%A7%D8%B9%D8%B4" , "-1" , "201502" , "داعش"
"2015-02-08" , "   139" , "ar" , "%D8%AF%D8%A7%D8%B9%D8%B4" , "-1" , "201502" , "داعش"
"2015-02-09" , "   113" , "ar" , "%D8%AF%D8%A7%D8%B9%D8%B4" , "-1" , "201502" , "داعش"
"2015-02-06" , "   172" , "ar" , "%D8%AF%D8%A7%D8%B9%D8%B4" , "-1" , "201502" , "داعش"
"2015-02-07" , "   119" , "ar" , "%D8%AF%D8%A7%D8%B9%D8%B4" , "-1" , "201502" , "داعش"
"2015-02-04" , "   447" , "ar" , "%D8%AF%D8%A7%D8%B9%D8%B4" , "-1" , "201502" , "داعش"
"2015-02-05" , "   192" , "ar" , "%D8%AF%D8%A7%D8%B9%D8%B4" , "-1" , "201502" , "داعش"
"2015-02-02" , "    62" , "ar" , "%D8%AF%D8%A7%D8%B9%D8%B4" , "-1" , "201502" , "داعش"
"2015-02-03" , "   220" , "ar" , "%D8%AF%D8%A7%D8%B9%D8%B4" , "-1" , "201502" , "داعش"
"2015-02-01" , "    84" , "ar" , "%D8%AF%D8%A7%D8%B9%D8%B4" , "-1" , "201502" , "داعش"
"2015-02-26" , "  2409" , "ar" , "%D8%AF%D8%A7%D8%B9%D8%B4" , "-1" , "201502" , "داعش"
"2015-02-19" , "  5318" , "ar" , "%D8%AF%D8%A7%D8%B9%D8%B4" , "-1" , "201502" , "داعش"
"2015-02-18" , "  6033" , "ar" , "%D8%AF%D8%A7%D8%B9%D8%B4" , "-1" , "201502" , "داعش"
"2015-02-15" , "  1383" , "ar" , "%D8%AF%D8%A7%D8%B9%D8%B4" , "-1" , "201502" , "داعش"
"2015-02-14" , "   800" , "ar" , "%D8%AF%D8%A7%D8%B9%D8%B4" , "-1" , "201502" , "داعش"
"2015-02-17" , "  7531" , "ar" , "%D8%AF%D8%A7%D8%B9%D8%B4" , "-1" , "201502" , "داعش"
"2015-02-16" , "  4796" , "ar" , "%D8%AF%D8%A7%D8%B9%D8%B4" , "-1" , "201502" , "داعش"
"2015-02-11" , "    87" , "ar" , "%D8%AF%D8%A7%D8%B9%D8%B4" , "-1" , "201502" , "داعش"
"2015-02-10" , "   104" , "ar" , "%D8%AF%D8%A7%D8%B9%D8%B4" , "-1" , "201502" , "داعش"
"2015-02-13" , "   423" , "ar" , "%D8%AF%D8%A7%D8%B9%D8%B4" , "-1" , "201502" , "داعش"
"2015-02-12" , "    76" , "ar" , "%D8%AF%D8%A7%D8%B9%D8%B4" , "-1" , "201502" , "داعش"
"2015-02-27" , "  2795" , "ar" , "%D8%AF%D8%A7%D8%B9%D8%B4" , "-1" , "201502" , "داعش"
"2015-03-28" , "  1233" , "ar" , "%D8%AF%D8%A7%D8%B9%D8%B4" , "-1" , "201503" , "داعش"
"2015-03-30" , "  1123" , "ar" , "%D8%AF%D8%A7%D8%B9%D8%B4" , "-1" , "201503" , "داعش"
"2015-03-31" , "  1245" , "ar" , "%D8%AF%D8%A7%D8%B9%D8%B4" , "-1" , "201503" , "داعش"
"2015-03-18" , "  1472" , "ar" , "%D8%AF%D8%A7%D8%B9%D8%B4" , "-1" , "201503" , "داعش"
"2015-03-19" , "  1582" , "ar" , "%D8%AF%D8%A7%D8%B9%D8%B4" , "-1" , "201503" , "داعش"
"2015-03-12" , "  1770" , "ar" , "%D8%AF%D8%A7%D8%B9%D8%B4" , "-1" , "201503" , "داعش"
"2015-03-13" , "  1715" , "ar" , "%D8%AF%D8%A7%D8%B9%D8%B4" , "-1" , "201503" , "داعش"
"2015-03-10" , "  1922" , "ar" , "%D8%AF%D8%A7%D8%B9%D8%B4" , "-1" , "201503" , "داعش"
"2015-03-11" , "  2421" , "ar" , "%D8%AF%D8%A7%D8%B9%D8%B4" , "-1" , "201503" , "داعش"
"2015-03-16" , "  1484" , "ar" , "%D8%AF%D8%A7%D8%B9%D8%B4" , "-1" , "201503" , "داعش"
"2015-03-17" , "  1578" , "ar" , "%D8%AF%D8%A7%D8%B9%D8%B4" , "-1" , "201503" , "داعش"
"2015-03-14" , "  1462" , "ar" , "%D8%AF%D8%A7%D8%B9%D8%B4" , "-1" , "201503" , "داعش"
"2015-03-15" , "  3012" , "ar" , "%D8%AF%D8%A7%D8%B9%D8%B4" , "-1" , "201503" , "داعش"
"2015-03-23" , "  1565" , "ar" , "%D8%AF%D8%A7%D8%B9%D8%B4" , "-1" , "201503" , "داعش"
"2015-03-22" , "  1807" , "ar" , "%D8%AF%D8%A7%D8%B9%D8%B4" , "-1" , "201503" , "داعش"
"2015-03-09" , "  2192" , "ar" , "%D8%AF%D8%A7%D8%B9%D8%B4" , "-1" , "201503" , "داعش"
"2015-03-08" , "  2110" , "ar" , "%D8%AF%D8%A7%D8%B9%D8%B4" , "-1" , "201503" , "داعش"
"2015-03-21" , "  1666" , "ar" , "%D8%AF%D8%A7%D8%B9%D8%B4" , "-1" , "201503" , "داعش"
"2015-03-20" , "  1629" , "ar" , "%D8%AF%D8%A7%D8%B9%D8%B4" , "-1" , "201503" , "داعش"
"2015-03-27" , "  1295" , "ar" , "%D8%AF%D8%A7%D8%B9%D8%B4" , "-1" , "201503" , "داعش"
"2015-03-26" , "  1222" , "ar" , "%D8%AF%D8%A7%D8%B9%D8%B4" , "-1" , "201503" , "داعش"
"2015-03-25" , "  1457" , "ar" , "%D8%AF%D8%A7%D8%B9%D8%B4" , "-1" , "201503" , "داعش"
"2015-03-24" , "  1501" , "ar" , "%D8%AF%D8%A7%D8%B9%D8%B4" , "-1" , "201503" , "داعش"
"2015-03-01" , "  2354" , "ar" , "%D8%AF%D8%A7%D8%B9%D8%B4" , "-1" , "201503" , "داعش"
"2015-03-03" , "  2223" , "ar" , "%D8%AF%D8%A7%D8%B9%D8%B4" , "-1" , "201503" , "داعش"
"2015-03-02" , "  2271" , "ar" , "%D8%AF%D8%A7%D8%B9%D8%B4" , "-1" , "201503" , "داعش"
"2015-03-05" , "  2059" , "ar" , "%D8%AF%D8%A7%D8%B9%D8%B4" , "-1" , "201503" , "داعش"
"2015-03-04" , "  2244" , "ar" , "%D8%AF%D8%A7%D8%B9%D8%B4" , "-1" , "201503" , "داعش"
"2015-03-07" , "  2141" , "ar" , "%D8%AF%D8%A7%D8%B9%D8%B4" , "-1" , "201503" , "داعش"
"2015-03-06" , "  2221" , "ar" , "%D8%AF%D8%A7%D8%B9%D8%B4" , "-1" , "201503" , "داعش"
"2015-03-29" , "  1173" , "ar" , "%D8%AF%D8%A7%D8%B9%D8%B4" , "-1" , "201503" , "داعش"
"2015-04-30" , "   727" , "ar" , "%D8%AF%D8%A7%D8%B9%D8%B4" , "-1" , "201504" , "داعش"
"2015-04-08" , "  1054" , "ar" , "%D8%AF%D8%A7%D8%B9%D8%B4" , "-1" , "201504" , "داعش"
"2015-04-09" , "  1339" , "ar" , "%D8%AF%D8%A7%D8%B9%D8%B4" , "-1" , "201504" , "داعش"
"2015-04-01" , "  1237" , "ar" , "%D8%AF%D8%A7%D8%B9%D8%B4" , "-1" , "201504" , "داعش"
"2015-04-02" , "  1195" , "ar" , "%D8%AF%D8%A7%D8%B9%D8%B4" , "-1" , "201504" , "داعش"
"2015-04-03" , "  1016" , "ar" , "%D8%AF%D8%A7%D8%B9%D8%B4" , "-1" , "201504" , "داعش"
"2015-04-04" , "  1084" , "ar" , "%D8%AF%D8%A7%D8%B9%D8%B4" , "-1" , "201504" , "داعش"
"2015-04-05" , "  1134" , "ar" , "%D8%AF%D8%A7%D8%B9%D8%B4" , "-1" , "201504" , "داعش"
"2015-04-06" , "  1166" , "ar" , "%D8%AF%D8%A7%D8%B9%D8%B4" , "-1" , "201504" , "داعش"
"2015-04-07" , "   994" , "ar" , "%D8%AF%D8%A7%D8%B9%D8%B4" , "-1" , "201504" , "داعش"
"2015-04-26" , "  1019" , "ar" , "%D8%AF%D8%A7%D8%B9%D8%B4" , "-1" , "201504" , "داعش"
"2015-04-27" , "   878" , "ar" , "%D8%AF%D8%A7%D8%B9%D8%B4" , "-1" , "201504" , "داعش"
"2015-04-24" , "   876" , "ar" , "%D8%AF%D8%A7%D8%B9%D8%B4" , "-1" , "201504" , "داعش"
"2015-04-25" , "  1051" , "ar" , "%D8%AF%D8%A7%D8%B9%D8%B4" , "-1" , "201504" , "داعش"
"2015-04-22" , "   889" , "ar" , "%D8%AF%D8%A7%D8%B9%D8%B4" , "-1" , "201504" , "داعش"
"2015-04-23" , "   825" , "ar" , "%D8%AF%D8%A7%D8%B9%D8%B4" , "-1" , "201504" , "داعش"
"2015-04-20" , "  1316" , "ar" , "%D8%AF%D8%A7%D8%B9%D8%B4" , "-1" , "201504" , "داعش"
"2015-04-21" , "   893" , "ar" , "%D8%AF%D8%A7%D8%B9%D8%B4" , "-1" , "201504" , "داعش"
"2015-04-28" , "   935" , "ar" , "%D8%AF%D8%A7%D8%B9%D8%B4" , "-1" , "201504" , "داعش"
"2015-04-29" , "   885" , "ar" , "%D8%AF%D8%A7%D8%B9%D8%B4" , "-1" , "201504" , "داعش"
"2015-04-19" , "  1019" , "ar" , "%D8%AF%D8%A7%D8%B9%D8%B4" , "-1" , "201504" , "داعش"
"2015-04-18" , "  1028" , "ar" , "%D8%AF%D8%A7%D8%B9%D8%B4" , "-1" , "201504" , "داعش"
"2015-04-17" , "  1035" , "ar" , "%D8%AF%D8%A7%D8%B9%D8%B4" , "-1" , "201504" , "داعش"
"2015-04-16" , "   987" , "ar" , "%D8%AF%D8%A7%D8%B9%D8%B4" , "-1" , "201504" , "داعش"
"2015-04-15" , "   992" , "ar" , "%D8%AF%D8%A7%D8%B9%D8%B4" , "-1" , "201504" , "داعش"
"2015-04-14" , "  1008" , "ar" , "%D8%AF%D8%A7%D8%B9%D8%B4" , "-1" , "201504" , "داعش"
"2015-04-13" , "  1214" , "ar" , "%D8%AF%D8%A7%D8%B9%D8%B4" , "-1" , "201504" , "داعش"
"2015-04-12" , "  1119" , "ar" , "%D8%AF%D8%A7%D8%B9%D8%B4" , "-1" , "201504" , "داعش"
"2015-04-11" , "  1110" , "ar" , "%D8%AF%D8%A7%D8%B9%D8%B4" , "-1" , "201504" , "داعش"
"2015-04-10" , "  2064" , "ar" , "%D8%AF%D8%A7%D8%B9%D8%B4" , "-1" , "201504" , "داعش"
